,keyword_id,keyword_EN
0,1,3D gesture recognition
1,2,3D navigation
2,635,3D virtual environments
3,3,abductive reasoning
4,4,abstraction
5,5,accesibility criteria
6,6,accesibility guidelines
7,7,accessibility
8,8,accessibility evaluation
9,9,accessibility recommendations
10,10,accessibility tools
11,11,accessible technologies
12,12,action theory
13,13,active learning
14,14,activity diagram
15,16,adaptive systems
16,15,adaptive user interfaces
17,17,additional content
18,18,adjustable interfaces
19,19,aesthetic experience
20,20,affect
21,21,affect and emotions in design
22,22,affectibility
23,23,affective computing
24,24,affective quality
25,25,affordances
26,26,agents
27,27,agentsheets
28,28,agile development
29,29,agricultural systems
30,30,alternative
31,31,alternative remote control
32,32,analysis
33,33,analytical method
34,34,android
35,35,animated simulation
36,36,annotations
37,37,applicability
38,38,applications
39,39,appropriation
40,40,arduino
41,41,aspect-oriented programming
42,42,assessment
43,43,assessment methodologies software
44,44,assistive technologies
45,45,association rules
46,46,attention-aware system
47,47,audible signs
48,48,audio
49,49,audio games
50,50,augmented communication
51,51,authorship poetry
52,52,autism
53,53,automatic evaluation
54,54,automatic generation
55,55,automating media production
56,56,automation
57,57,awareness
58,58,back navigation
59,59,behavioral personas
60,60,blindness
61,61,brain-computer interface
62,62,braindraw
63,63,brainwritting
64,64,brazilian digital tv system
65,65,brazilian sign language
66,66,brazilian symposium
67,67,browser-based user interfaces
68,68,call-center
69,69,capture and access
70,70,card
71,71,case study
72,72,case-based reasoning
73,73,cbir
74,74,cdn
75,75,cell phones
76,76,cerebral palsy
77,77,change in meaning
78,78,chat
79,79,child
80,80,classification systems
81,81,co-authoring network
82,82,cognition
83,83,cognitive architectures
84,84,cognitive authority
85,85,cognitive dimensions analysis
86,86,cognitive dimensions of notations
87,87,cognitive engineering
88,88,cognitive psychology
89,89,collaboration
90,90,collaboration analysis
91,91,collaborative encyclopedia
92,92,collaborative games
93,93,collaborative interfaces
94,94,collaborative learning system
95,95,collaborative systems
96,96,collaborative systems design
97,97,collective knowledge construction
98,98,colors
99,99,colors perception
100,100,common sense
101,101,communicability
102,102,communicability evaluation
103,103,communicability evaluation method
104,104,communicability expressions
105,105,communicability tests
106,106,communication
107,107,communication and collaboration
108,108,communication breakdowns
109,109,communication-centered design
110,110,communities of practice
111,111,computational semiotics
112,112,computational thinking at elementary level
113,113,computer animation
114,114,computer as media
115,116,computer music
116,117,computer science education
117,119,computer vision
118,120,computer wearable
119,115,computer-aided design
120,121,computer-aided musical education
121,122,computer-aided therapy
122,123,computer-mediated communication
123,118,computer-supported cooperative work
124,124,conceptual metaphors for hci design
125,125,concurrent programming
126,126,conferences
127,127,configuration settings
128,128,content analysis
129,129,content management systems
130,130,content selection
131,131,context
132,132,context awareness
133,133,contextual design
134,134,contextual help
135,135,cooperative music prototyping
136,136,cooperative work interfaces
137,137,coordination
138,138,corporate portal
139,139,creativity
140,140,critical systems
141,141,cross-cultural systems
142,142,crowdsourcing
143,143,cscw
144,144,cultural aspects of hci
145,145,cultural perspectives metaphors
146,146,cultural-aware issues
147,147,culture
148,148,culture and HCI
149,149,curriculum
150,150,cursor controller
151,151,data collection
152,152,data mining
153,153,deaf
154,154,deaf evaluation
155,155,deafness
156,156,death representations
157,157,defense
158,158,depth cameras
159,159,description languages
160,160,design
161,161,design decisions
162,162,design for all
163,163,design for with and by children
164,164,design knowledge
165,165,design languages
166,166,design models
167,167,design of probes
168,168,design patterns
169,169,design process
170,170,design rationale
171,171,design representations
172,172,design research
173,173,design tools
174,174,development framework
175,175,development of games about computational thinking
176,176,device independence
177,177,dialog management
178,178,dialogue
179,179,dialogue specification
180,180,diffusion of innovations
181,181,digital artifacts
182,182,digital divide
183,183,digital games
184,184,digital inclusion
185,185,digital interactive television
186,186,digital interactive tv
187,187,digital legacy
188,188,digital libraries
189,189,digital life and death
190,190,digital memorial
191,191,digital resources
192,192,digital tv
193,193,direct manipulation
194,194,discourse structure
195,195,discussion forum systems
196,196,disruptive technology
197,197,distance education
198,198,distance education environment
199,200,distributed systems
200,201,domain analysis
201,202,domain-oriented application
202,203,e-learning
203,204,eco-feedback technology
204,205,education
205,206,educational mobile apps
206,207,educational software
207,208,eeg
208,209,eeg analysis
209,210,elder users
210,211,elderly
211,212,elderly users
212,213,elecronic games
213,214,electroencephalogram
214,215,electronic commerce
215,216,electronic commerce websites
216,217,electronic voting
217,218,embedded interaction
218,219,embodied learning
219,220,emergency coordination
220,221,emergency management
221,222,emoticons
222,223,emotion
223,224,emotion models
224,225,emotional aspects
225,226,emotional assessment
226,227,emotional evaluation
227,228,emotional experience
228,229,empirical study
229,230,end-user development
230,231,end-user programming
231,232,energy consumption
232,233,engagement with news
233,234,english as second language
234,235,environment control
235,236,epistemic tool
236,237,ergonomic recommendations
237,238,ergonomics
238,239,esm
239,240,ethnography
240,241,evaluation
241,242,evaluation in hci
242,244,evaluation methods
243,245,evaluation methods comparison
244,246,evaluation of digital games
245,247,evaluation of multimodal interfaces
246,248,evaluation tool
247,249,experience reports
248,250,experience sampling method
249,251,experiment
250,252,exploratory research
251,253,extensible applications
252,254,extrinsic motivation
253,255,face detection
254,256,facebook
255,257,flexibility
256,258,flexible process
257,259,flexible systems
258,260,folkauthority
259,261,folksonomy
260,262,formative evaluation
261,263,foursquare
262,265,frameworks
263,266,functional illiteracy
264,267,games
265,268,gamification
266,269,gaze gesture
267,270,gaze-based interaction
268,271,gender identity
269,272,generative literature
270,273,geo-localization
271,274,geographic information systems (GIS)
272,275,geographic information systems in the web
273,276,geosocial networks
274,277,gesture interface
275,278,gesture recognition
276,279,ginga middleware
277,280,grand challenges
278,281,graphical interfaces
279,282,group decision-making support systems
280,283,group spaces
281,284,guidelines
282,285,gwap
283,286,gwido
284,287,handhelds
285,288,haptics
286,289,haptics and gestures
287,291,hci analysis
288,292,hci and culture
289,293,hci design
290,294,hci diffusion in brazil
291,295,hci education
292,296,hci evaluation
293,297,hci inspection methods
294,298,headset
295,299,health campaign
296,300,healthcare
297,301,help systems
298,302,heuristic evaluation
299,303,hierarchical task analysis
300,304,human computation
301,305,human error
302,306,human factors
303,307,human factors and children
304,308,human reliability
305,290,human-centered design
306,309,human-computer interaction
307,311,human-computer interaction evaluation
308,312,human-computer interaction models
309,313,human-computer interface objects
310,314,human-computer interfaces
311,315,human-human interfaces
312,316,human-machine interfaces
313,317,hybrid methodology
314,318,hypermedia documents
315,319,icc
316,320,ideal rules
317,321,immersive virtual reality
318,322,impact over time
319,323,inclusive design
320,324,inclusive social networks
321,325,information and communication technologies
322,326,information availability
323,327,information design
324,328,information disclosure
325,329,information overload
326,330,information processing
327,331,information retrieval
328,332,information visualization
329,333,infovis
330,334,innovation
331,335,innovation process
332,336,inspection
333,337,inspection method semi-structured application
334,338,inspection methods
335,339,inspection technique
336,340,instant messaging
337,341,instant messaging tools
338,342,institutionalization of usability
339,343,integration
340,344,integration between hci and software engineering
341,346,intelligent agents
342,347,intelligent image processing
343,348,inter-region collaboration
344,349,interaction
345,350,interaction anticipation
346,351,interaction as conversation
347,352,interaction design
348,353,interaction design patterns
349,354,interaction in 3d virtual environments
350,355,interaction language
351,356,interaction model
352,357,interaction modeling
353,358,interaction modeling language
354,359,interaction monitoring
355,360,interaction studies
356,361,interactive digital television
357,362,interactive digital tv
358,363,interactive digital tv applications
359,364,interactive displays
360,365,interactive environment
361,366,interactive gestures
362,367,interactive surfaces
363,368,interactive system
364,369,interactive systems development
365,370,interactive systems: development and evaluation
366,371,interactive tv
367,372,interactivity
368,373,interactivity and interaction
369,374,interested parts
370,375,interface
371,376,interface agents
372,377,interface as a communication space
373,378,interface design
374,380,interface development tool
375,381,interface evaluation
376,382,interface model
377,383,interface patterns
378,384,interface usability evaluation methods
379,385,interfaces
380,386,interfaces for the deaf
381,387,internationalization
382,388,internet
383,389,internet generation
384,390,interviews
385,391,intimacy
386,392,intrinsic motivation
387,393,ipad
388,394,iris tracking
389,395,iso tr 18529
390,396,keyboard simulator
391,397,keywords
392,398,kinect
393,399,knowledge extraction
394,400,knowledge representation
395,401,language action
396,402,large displays
397,403,learning
398,404,learning technology
399,405,lexical retrieve
400,406,lgbt
401,407,libras
402,408,likert scale
403,409,live documentation computational thinking acquisition
404,410,localization
405,411,logging
406,412,low literacy users
407,413,m-health
408,414,mac-g
409,415,man-computer interaction evaluation (HCI)
410,416,manas
411,417,map-based interfaces
412,418,maps
413,419,marketing
414,420,mediated communication
415,421,mediated metacommunication
416,422,mediated reality
417,423,mediation dialogues
418,424,mediation technology
419,425,meds
420,426,mental illness
421,427,meta design
422,428,meta-communication
423,429,meta-keys
424,430,metalinguistic signs
425,431,metaphors
426,432,methodology
427,433,metonymy
428,434,mobile
429,435,mobile applications
430,436,mobile computing
431,437,mobile devices
432,438,mobile games
433,439,mobile interaction design
434,440,mobile interactoin
435,441,mobile learning
436,442,mobile music
437,443,mobile web
438,444,model based
439,445,model for interactive enviroments
440,446,model-based design
441,447,model-based development
442,448,model-based user interface development
443,449,modeling language
444,450,models
445,451,models verification
446,452,molic
447,453,molic woz
448,454,motivation
449,455,mourning
450,456,multi-criteria decision analysis
451,457,multi-layer systems
452,458,multi-platform user interfaces
453,459,multi-tactile interfaces
454,460,multidisciplinary design teams
455,461,multimedia
456,462,multimodal application
457,463,multimodal interfaces
458,464,multimodal user interfaces
459,465,multimodality
460,466,multiple-environment interfaces
461,467,multiuser interfaces
462,468,musical interaction
463,469,musical interface
464,470,musical interfaces
465,471,narrative
466,472,narrative games
467,473,natural interaction
468,474,natural user interfaces
469,475,navigation models
470,476,nested context language
471,477,networked music
472,478,neurophysiologic measures
473,479,neuroscience
474,480,non-disruptive workflow
475,481,non-visual games
476,482,norms
477,483,notations
478,484,observation
479,485,olpc
480,486,online applications
481,487,online communities
482,488,online help systems
483,489,online services
484,490,online social networks
485,491,open data
486,492,organizational semiotics
487,493,p-cmm
488,494,paper based
489,495,parallel design
490,496,participative heuristic evaluation
491,497,participatory design
492,498,pattern recognition
493,499,patterns
494,500,pda
495,501,pedagogy
496,502,peer help systems
497,503,peer instruction
498,504,people
499,505,people with special needs
500,506,permanent education
501,507,personal information disclosure
502,508,personal spaces
503,509,personality traits
504,510,personalized interfaces
505,511,personas
506,512,persuasion strategies
507,513,pictive
508,514,placement test
509,515,planning
510,516,playability
511,517,policy
512,518,political stories
513,519,post-production
514,520,posthumous interaction
515,521,pragmatics
516,522,privacy
517,523,processing maturity/capacity models
518,524,profile
519,525,programming
520,526,programming by demonstration
521,527,programming languages
522,528,prototyping
523,529,public displays
524,530,publications
525,531,qualitative methods
526,532,qualitative methods in design
527,533,qualitative research
528,534,qualitative study
529,535,quality
530,536,quantitative study
531,537,quis
532,538,rapid prototyping
533,539,reactive systems
534,540,reactivision
535,541,recommendations
536,542,recommender systems
537,543,reengineering
538,544,rehabilitation
539,545,remote usability evaluation
540,546,reputation
541,547,requirements engineering
542,548,research traceability
543,549,researcher migration
544,550,residential energy feedback systems
545,551,residential environmental control
546,552,ria
547,553,rich interactions
548,554,sam
549,555,sbtvd
550,556,scalable vector graphics
551,557,scenarios
552,558,scientific collaboration virtual networks
553,559,scratch
554,560,search engine interface
555,561,search engines
556,562,search history
557,563,self-expression
558,564,self-preservation
559,565,semantic classification
560,566,semi-structured interview
561,567,semiotic analysis
562,568,semiotic engineering
563,569,semiotic inspection intermediated method
564,570,semiotic inspection method
565,571,semiotic model
566,572,semiotics
567,573,sensemaking
568,574,sentiment analysis
569,575,serious videogames
570,576,service science
571,577,services
572,578,sexual orientation
573,579,sig web
574,580,sign language
575,581,sign lexicon
576,582,sign writing
577,583,SIM
578,584,similarity functions
579,585,simulation
580,586,sketching
581,587,smartphones
582,588,sociability
583,589,social curation
584,590,social impact
585,591,social inclusion
586,592,social network analysis
587,593,social networks
588,594,social recommendation
589,595,social software
590,596,social web
591,597,socially aware design
592,598,software architecture
593,599,software development tools
594,600,software engineering
595,601,software ergonomics
596,602,software logging
597,603,software processes integration
598,604,space-filling methods
599,605,specification techniques and tools
600,606,speech recognition
601,607,speech-based user interfaces
602,608,standardization
603,609,statistical data visualization
604,610,statistics
605,611,storytelling
606,612,strata
607,613,streamlined approaches to hci design
608,614,svg
609,615,synchronous collaboration
610,616,systematic interpretation
611,617,systematic literature review
612,618,systems extension
613,619,systems specification
614,620,tablet
615,621,tagclouds
616,622,tailoring
617,623,tangible interfaces
618,624,tangible user interfaces
619,625,task model
620,626,technical operations
621,627,technique
622,628,technologies for supporting treatment of autism
623,629,technology
624,630,teleduc
625,631,telepointers
626,632,text entry
627,633,therapeutic applications
628,634,third place
629,636,timelines
630,637,training staff
631,638,treemap
632,639,tui
633,640,ubicard
634,641,ubiquitous computing
635,642,ubiquitous environment
636,643,uml
637,644,unconventional interfaces
638,645,underlying discourse unveiling method
639,646,universal design
640,647,urban contexts
641,648,usability
642,649,usability engineering
643,650,usability evaluation
644,651,usability evaluation methodology
645,652,usability formal inspection
646,653,usability inspection techniques
647,654,usability maturity
648,655,usability of designs models
649,656,usability patterns
650,657,usability tests
651,658,use of colors in www interfaces
652,660,use of examples
653,659,use of previous domain knowledge
654,661,user action notation (uan)
655,689,user behavior
656,662,user behavior analysis
657,665,user diversity
658,666,user experience
659,667,user interaction
660,668,user interaction traceability
661,669,user interface
662,670,user interface adaptability
663,671,user interface components
664,672,user interface design
665,674,user interface development
666,675,user interface evaluation
667,676,user interface specification methods and languages
668,677,user interfaces
669,679,user modeling
670,680,user observation
671,681,user participation
672,682,user perceptions
673,683,user profile
674,684,user psychological profile
675,685,user studies
676,686,user tests
677,663,user-centered design
678,664,user-centered evaluation
679,687,user-curated narratives
680,688,users
681,690,users sensations
682,691,validation
683,692,values
684,693,verbalization
685,694,verbally impaired people
686,695,verification
687,696,verification lists
688,697,video annotation
689,698,video comprehension
690,699,videogames
691,700,videogames in education
692,701,virtual characters
693,702,virtual environments
694,703,virtual keyboard
695,704,virtual learning environment moodle
696,705,virtual learning environments
697,706,virtual reality
698,707,virtual reality interfaces
699,708,visual exploration
700,709,visual impairment
701,710,visual instructions
702,711,visual language
703,712,visualization
704,714,visually impaired users
705,715,vivacity
706,716,vocalizer
707,717,voice integration
708,718,voice interfaces
709,719,voice user interfaces
710,720,volition
711,721,w3c
712,722,web
713,723,web 20
714,724,web accessibility
715,725,web accessibility guidelines
716,726,web applications
717,727,web applications development
718,728,web collaboration
719,729,web collaborative systems
720,730,web educational environments
721,731,web engineering
722,732,web interface
723,733,web navigation
724,734,web visualization
725,735,website evaluation
726,736,website usability
727,737,whatsapp
728,738,wide area network
729,739,wikipedia
730,740,writing
731,741,www
732,742,xml
733,743,xml-based user interface description languages
734,744,zui
735,745,user interface description languages
736,746,user-interface components
737,747,user-interface specification methods and languages
738,748,xml-based user interface languages
739,749,brazilian open mind common sense
740,750,computer-aid education
741,751,health care
742,752,home care
743,753,learning action
744,754,architecture
745,755,input adaptation
746,756,input devices
747,757,input transformation
748,758,user testing
749,759,mathematics learning
750,760,digital television
751,761,itv
752,762,mobile tv
753,763,mobility
754,764,task modeling
755,765,dialogismo
756,766,gêneros discursivos
757,767,distance learning
758,768,paper interface
759,769,value-centred hci
760,770,dort
761,771,delphi
762,772,ergonomic software
763,773,physiotherapy evaluation
764,774,uiml
765,775,concrete interaction pattern
766,776,interaction pattern
767,777,user interface description language
768,778,user interface reuse
769,779,cmmi
770,780,process improvement
771,781,a
772,782,collaborative editing
773,783,games with a purpose
774,784,graph visualization
775,785,ontology engineering
776,786,social networking platforms
777,787,tightly-coupled interfaces
778,788,hci
779,789,guideline review
780,790,model-based
781,791,scaffolding
782,792,análise instrumental da aprendizagem
783,793,interfaces educativas
784,794,teoria dos campos conceituais
785,795,free software
786,796,information architecture
787,797,fitts' law
788,798,elder people
789,799,throughput
790,800,brasil
791,801,interface com o usuário
792,802,perfil de usuário
793,803,televisão interativa
794,804,abdução
795,805,previous knowledge
796,806,semiótica
797,807,teorias de ihc
798,808,business process modeling
799,809,model-driven engineering
800,810,e-government
801,811,task patterns
802,812,human computer interaction
803,813,location-based services
804,814,tags
805,815,folksonomia
806,816,recuperação de informações
807,817,vocabulário
808,818,scripting
809,819,embodied conversational agent (eca)
810,820,facial animation
811,821,non-verbal behavior
812,822,virtual presenter
813,823,mobile device
814,824,survey
815,825,nondisclosure agreement
816,826,recruitment
817,827,software development process
818,828,academicenterprise partnership
819,829,acessibility
820,830,illiterate users
821,831,inteligibility
822,832,plain language
823,833,low-fidelity prototyping
824,834,requirements
825,835,dispositivos móveis
826,836,m-learning
827,837,redes sociais
828,838,detecção da direção do olhar
829,839,interação homem-máquina
830,840,processamento digital de imagens
831,841,decision-making
832,842,e-democracy
833,843,virtual communities
834,844,quest3d
835,845,exposição virtual
836,846,tipografia
837,847,interactive fitness
838,848,interação humano-computador
839,849,jogo 3d
840,850,realidade virtual
841,851,collaborative filtering
842,852,collective intelligence
843,853,computer supported cooperative work
844,854,experiência do usuário
845,855,modelos
846,856,x-gov
847,857,governo eletrônico prova de conceito
848,858,mídia cruzada
849,859,hci design human error
850,860,automação comercial
851,861,interface com telas sensíveis ao toque
852,862,solução de software
853,863,talkpc
854,864,talktv
855,865,communications
856,866,software
857,867,hdtv e tv interativa
858,868,javatv
859,869,tv digital
860,870,tvmark
861,871,benchmarking
862,872,embedded systems
863,873,a 3 tv
864,874,e interface de usuário
865,875,social tv
866,876,web 2.0
867,877,filtragem colaborativa
868,878,m-commerce
869,879,métodos qualitativos
870,880,metodologia científica
871,881,acessibilidade
872,882,inclusão digital
873,883,inteligibilidade
874,884,usabilidade
875,885,hci in brazil
876,886,challenges
877,887,community
878,888,history
879,889,research
880,890,interação humano computador
881,891,validação
882,892,verificação
883,893,hci 2010
884,894,web mobile
885,895,akr
886,896,emotionml
887,897,computer assisted therapy
888,898,user centered project
889,899,document clustering
890,900,information landscapes
891,901,multi-dimensional scaling
892,902,visual analytics
893,903,cloud computing
894,904,crossmedia
895,905,human-cloud interaction
896,906,interaction clouds
897,907,mex
898,908,agile
899,909,hci teaching
900,910,collaborative environments
901,911,semiotic inspection
902,912,moodle
903,913,distant education
904,914,product development
905,915,user story mapping
906,916,social impacts
907,917,multimodal interaction
908,918,visually impaired
909,919,university
910,920,user centered design
911,921,descrições narrativas
912,922,engenharia semiótica
913,923,modelagem de interface
914,924,e-book
915,925,e-book reader
916,926,human-machine interaction
917,927,evaluation technique
918,928,web mobile applications
919,929,web social
920,930,ihc'10
921,931,software social
922,932,hci curriculum
923,933,education in hci
924,934,pedagogic approaches for teaching hci
925,935,avaliação
926,936,contexto
927,937,interação
928,938,linguística
929,939,problem-based learning
930,940,widgets
931,941,aprendizaje colaborativo
932,942,grupos de trabajo distribuidos
933,943,interface humano computador
934,944,usabilidad
935,945,ciclo de vida de usabilidade
936,946,jogos
937,947,information systems
938,948,colaboração
939,949,inovação
940,950,negócios
941,951,usability heuristics
942,952,virtual worlds
943,953,expressões de comunicabilidade
944,954,sistemas de ajuda em pares
945,955,early prototyping
946,956,pen-based interaction
947,957,sketching user interface behavior
948,958,user interface sketching
949,959,dispositives móveis
950,960,métodos de avaliação
951,961,revisão sistemática
952,962,telefones celulares
953,963,assistive technology
954,964,screen reader
955,965,touch screen
956,966,hand-gesture recognition
957,967,interface navigation
958,968,model-driven design of user interfaces (mddui)
959,969,real-time translator
960,970,short-term conversation
961,971,devices
962,972,video games
963,973,accessibility guidelines
964,974,electronic games
965,975,software evolution
966,976,adultos de meia-idade
967,977,idosos
968,978,classification
969,979,collaborative authoring
970,980,content production and consumption
971,981,context-awareness
972,982,real-time annotation
973,983,inspection tool
974,984,tagging
975,985,web tool
976,986,multi-touch interfaces
977,987,omcs-br project
978,988,contextualized applications
979,989,cultural knowledge
980,990,user evaluation
981,991,agile methods
982,992,students' competition
983,993,blind students
984,994,diagrams
985,995,inclusion
986,996,sound signs
987,997,content management
988,998,social networking
989,999,social network sites
990,1000,cultural translation
991,1001,homophily
992,1002,social network
993,1003,use
994,1004,educational games
995,1005,end-user-programming
996,1006,wide perspective
997,1007,teaching experiences
998,1008,evaluation method
999,1009,collaborative systems evaluation
1000,1010,cooperative system evaluation
1001,1011,groupware
1002,1012,game users
1003,1013,remote sensing applications
1004,1014,user experiences
1005,1015,interação humano-computador (ihc)
1006,1016,métodos ágeis
1007,1017,técnicas de modelagem
1008,1018,case
1009,1019,conceito de house
1010,1020,desenvolvimento
1011,1021,interface do usuário
1012,1022,processos
1013,1023,computer science unplugged
1014,1024,women in it
1015,1025,geolocation
1016,1026,users' behavior
1017,1027,learning objects
1018,1028,quality in use
1019,1029,comunicabilidade
1020,1030,ferramenta de avaliação
1021,1031,método de inspeção semiótica
1022,1032,mobile phone
1023,1033,smartphone
1024,1034,usability heuristic
1025,1035,usability principle
1026,1036,usixml
1027,1037,interface modeling
1028,1038,interface prototypes generation
1029,1039,project guidelines
1030,1040,the bridge
1031,1041,big data
1032,1042,data journalism
1033,1043,data visualization
1034,1044,medical informatics
1035,1045,python
1036,1046,clustering
1037,1047,scientific research
1038,1048,systematic review
1039,1049,web application
1040,1050,framework
1041,1051,tutorial
1042,1052,voice user interface
1043,1053,br-chi
1044,1054,brazilian computing society
1045,1055,mercado
1046,1056,profissão
1047,1057,trabalho
1048,1058,avaliação de ihc
1049,1059,privacidade
1050,1060,controle de privacidade
1051,1061,fotos pessoais
1052,1062,rede social
1053,1063,avaliação de comunicabilidade
1054,1064,privacy settings
1055,1065,assessment methods
1056,1066,emotional factors
1057,1067,design for
1058,1068,with and by children
1059,1069,authorship
1060,1070,poetry
1061,1071,cream
1062,1072,therp
1063,1073,wop
1064,1074,confiabilidade
1065,1075,confiabilidade humana
1066,1076,embarcações
1067,1077,erro humano
1068,1078,emoções
1069,1079,sensores
1070,1080,haptic visualization
1071,1081,multivariate data
1072,1082,scatter plot
1073,1083,visual impaired people
1074,1084,mobile web framework
1075,1085,responsible web design
1076,1086,voiceover
1077,1087,shared-message boards
1078,1088,visual disability
1079,1089,ginga
1080,1090,media convergence
1081,1091,nui
1082,1092,collaborative work
1083,1093,geographical information system
1084,1094,json
1085,1095,augmented reality browser
1086,1096,representation model
1087,1097,ipad application
1088,1098,mobile augmented reality
1089,1099,perception
1090,1100,recognition of 3d models
1091,1101,tangible augmented reality
1092,1102,customização
1093,1103,customization
1094,1104,jogos educativos
1095,1105,meta-design
1096,1106,aplicações web
1097,1107,engenharia web
1098,1108,incident
1099,1109,service delivery
1100,1110,summarization
1101,1111,cross-platform development
1102,1112,dtmf
1103,1113,ura
1104,1114,observação direta
1105,1115,reconhecimento de voz
1106,1116,desenvolvimento centrado no usuário
1107,1117,fatores humanos
1108,1118,drag-and-drop
1109,1119,multimedia content sharing
1110,1120,blico
1111,1121,concurso pú trabalho
1112,1122,websites
1113,1123,portability
1114,1124,luto
1115,1125,memorial digital
1116,1126,sensações dos usuários
1117,1127,crisis management
1118,1128,multimodal interface
1119,1129,health
1120,1130,post-wimp
1121,1131,web analytics
1122,1132,design de jogos
1123,1133,ensino de medicina
1124,1134,simulação
1125,1135,sensors
1126,1136,interface multimodal
1127,1137,tecnologia assistiva
1128,1138,ã desenvolvimento sustentá interaç o (tic)
1129,1139,o e comunicaç o humano-computador (ihc)
1130,1140,o sistemá revisã sustentabilidade
1131,1141,technologia da informaç tica
1132,1142,vel
1133,1143,computer mediated communication
1134,1144,language practices
1135,1145,acessibilidade web
1136,1146,avaliação de acessibilidade
1137,1147,testes com usuários com deficiência
1138,1148,ihc
1139,1149,métodos
1140,1150,ontologia
1141,1151,teoria de ihc
1142,1152,accessibility criteria
1143,1153,inspection method
1144,1154,semiotic
1145,1155,marketing and website
1146,1156,cultural differences
1147,1157,automated annotation
1148,1158,climate change
1149,1159,content recommendations
1150,1160,document editor
1151,1161,knowledge co-creation
1152,1162,makeup simulation
1153,1163,activity diagrams
1154,1164,reading technique
1155,1165,learning process
1156,1166,objective evaluation
1157,1167,teaching
1158,1168,eyetracking
1159,1169,human computer-interaction
1160,1170,low-literate users
1161,1171,gameficaçã
1162,1172,mobilidade
1163,1173,padrões de interface
1164,1174,standard interfaces
1165,1175,measurement
1166,1176,hci for mobile devices
1167,1177,design and evaluation of games
1168,1178,usability of interfaces for elderly
1169,1179,personalization
1170,1180,usage mining
1171,1181,automatic speech recognition
1172,1182,children speech recognition
1173,1183,speaker normalization
1174,1184,vocal tract length normalization
1175,1185,collaborative music expression
1176,1186,exploration
1177,1187,tangible interface
1178,1188,3d user interaction
1179,1189,cybersickness
1180,1190,immersive systems
1181,1191,oculus rift
1182,1192,knowledge discovery
1183,1193,web usability
1184,1194,quantitative research
1185,1195,classification of visualization techniques
1186,1196,context-based recommender system
1187,1197,situation awareness
1188,1198,uncertainty visualization
1189,1199,ambient assisted living
1190,1200,internet of things
1191,1201,smart cities
1192,1202,smart light
1193,1203,sustainability
1194,1204,augmented cognition
1195,1205,gaze interaction
1196,1206,gaze tracking
1197,1207,wearable computing
1198,1208,grandihc
1199,1209,illiteracy
1200,1210,oral
1201,1211,access control
1202,1212,social semantic web
1203,1213,web of data
1204,1214,web of people
1205,1215,web of things
1206,1216,ux optimization
1207,1217,ubiquity
1208,1218,ubiquity in education
1209,1219,death
1210,1220,post-mortem digital legacy
1211,1221,ethics
1212,1222,human values
1213,1223,responsibility
1214,1224,systems design
1215,1225,user auditor
1216,1226,grandihc-br
1217,1227,grand challenge
1218,1228,anti-social behavior
1219,1229,user intention semantics
1220,1230,challenge
1221,1231,practice
1222,1232,hci challenges in brazil
1223,1233,hci education in brazil
1224,1234,hci course
1225,1235,ux process
1226,1236,software development
1227,1237,social
1228,1238,analfabetismo funcional
1229,1239,e-gov
1230,1240,método de avaliação de
1231,1241,rastreamento ocular
1232,1242,sondas de design
1233,1243,tecnologias de apoio aos transtornos do espectro do autismo
1234,1244,information seeking
1235,1245,busca avançada
1236,1246,pesquisa exploratória
1237,1247,análise de rede social
1238,1248,análise de sentimento
1239,1249,autoridade cognitiva
1240,1250,recomendação de pessoas
1241,1251,autismo
1242,1252,design universal
1243,1253,guidelines de interface
1244,1254,computação
1245,1255,process
1246,1256,game design and evaluation
1247,1257,gesture-based interaction
1248,1258,usability for senior citizens
1249,1259,context usability
1250,1260,mobile application
1251,1261,touchscreen
1252,1262,self-service kiosks
1253,1263,older people
1254,1264,gesture based interfaces
1255,1265,mobile interfaces
1256,1266,mooc
1257,1267,computers in education
1258,1268,learning analytics
1259,1269,technology enhanced learning
1260,1270,educational game
1261,1271,gestual interface
1262,1272,accessibility inspection
1263,1273,checklist
1264,1274,social participation
1265,1275,mutism
1266,1276,translator
1267,1277,design da experiência
1268,1278,design da interação
1269,1279,prototipagem
1270,1280,runkeeper
1271,1281,run app
1272,1282,smartphones application
1273,1283,cem
1274,1284,heuristic inspection
1275,1285,gamificação
1276,1286,prática de atividades físicas
1277,1287,empowerment
1278,1288,gestures
1279,1289,touch-screen
1280,1290,visually impaired people
1281,1291,distributed participatory design
1282,1292,participatory workshops
1283,1293,cooperation
1284,1294,wai-aria
1285,1295,awareness elements
1286,1296,older adults
1287,1297,iot
1288,1298,wot
1289,1299,user experience measurement
1290,1300,psychophysiological measures
1291,1301,user experience evaluation
1292,1302,comunicability
1293,1303,eud
1294,1304,sidetalk
1295,1305,cognitive walkthrough
1296,1306,model
1297,1307,aesthetics
1298,1308,credibility
1299,1309,head tracking
1300,1310,voice commands
1301,1311,daily records
1302,1312,day2day
1303,1313,5w2h
1304,1314,user-centered gamification
1305,1315,navigation model
1306,1316,software quality
1307,1317,usability-oriented design
1308,1318,design with older people
1309,1319,older people with dementia
1310,1320,mobile accessibility
1311,1321,userś perception
1312,1322,volitive aspects
1313,1323,bibliometrics
1314,1324,brazilian symposium on human factors in computing systems
1315,1325,references
1316,1326,digital accessibility
1317,1327,inclusive technology
1318,1328,brazilian hci challenges
1319,1329,hci topics
1320,1330,ihc brasil
1321,1331,configuration
1322,1332,anticipation
1323,1333,heatmap explorer
1324,1334,eye gaze visualization
1325,1335,memorials
1326,1336,digital memorials
1327,1337,multicultural systems
1328,1338,tombs
1329,1339,tombstones
1330,1340,aplicativos móveis
1331,1341,diretrizes de privacidade
1332,1342,política de privacidade
1333,1343,design with children
1334,1344,emotional design
1335,1345,vision impaired
1336,1346,interaction history
1337,1347,history visualization
1338,1348,log
1339,1349,assisted living
1340,1350,smart home
1341,1351,visual disabilities
1342,1352,adaptation of user interface
1343,1353,framework front-end
1344,1354,communicability analysis
1345,1355,platform as a service environments
1346,1356,co-design
1347,1357,therapeutic application
1348,1358,therapeutic game
1349,1359,computing in education
1350,1360,cultural aspects in hci
1351,1361,school culture
1352,1362,large-scale
1353,1363,data mobility
1354,1364,session variable
1355,1365,social media data analysis
1356,1366,image-sharing
1357,1367,recommendation
1358,1368,game
1359,1369,gestural interaction
1360,1370,hci waves
1361,1371,philosophy of science
1362,1372,research paradigms
1363,1373,non-neutrality of technology
1364,1374,sts
1365,1375,technological determinism
1366,1376,persuasive technology
1367,1377,deaf education
1368,1378,interacting with new devices
1369,1379,naïve bayes classifier
1370,1380,smartwatch
1371,1381,text input
1372,1382,ivprog
1373,1383,polifacets
1374,1384,computational thinking acquisition
1375,1385,facets
1376,1386,metacommunication
1377,1387,deaf users
1378,1388,self-report instrument
1379,1389,accessiblity
1380,1390,human information processing
1381,1391,modeling privacy
1382,1392,privacy design model
1383,1393,ubiquitous applications
1384,1394,usability testing
1385,1395,smart kitchen
1386,1396,wizard of oz
1387,1397,coproduction
1388,1398,mobile application project
1389,1399,spotify
1390,1400,textual evaluation
1391,1401,huma values
1392,1402,human-computer interacions
1393,1403,ensino de ciência da computação
1394,1404,ensino de interação humano-computador
1395,1405,academic search
1396,1406,linkedin
1397,1407,researchgate
1398,1408,brazilian community
1399,1409,computer science
1400,1410,perceptions
1401,1411,design for autism
1402,1412,peer-to-peer interaction
1403,1413,interaction log analysis
1404,1414,client-side events
1405,1415,task deviation
1406,1416,usage logging
1407,1417,usage modeling
1408,1418,automated assessment
1409,1419,business modeling
1410,1420,scenario-based design
1411,1421,user interface design artifacts
1412,1422,user stories
1413,1423,avatar animation
1414,1424,deaf community
1415,1425,facial expression
1416,1426,sign languages
1417,1427,virtual interpreter
1418,1428,digital legacy management systems
1419,1429,posthumous messaging services
1420,1430,technical communication
1421,1431,movement analysis
1422,1432,older aged adults
1423,1433,tactile interaction
1424,1434,wrist articulation
1425,1435,screen readers
1426,1436,evaluation technologies
1427,1437,systematic mapping study
1428,1438,bottlenecks identification
1429,1439,quali-quantitative analysis
1430,1440,theory of constraints
1431,1441,actor-network theory
1432,1442,socially aware computing
1433,1443,social software design
1434,1444,sociotechnical networks
1435,1445,floss development
1436,1446,open source software
1437,1447,head pose estimation
1438,1448,mean opinion score
1439,1449,universal remote control
1440,1450,interactive systems usability
1441,1451,touch interaction
1442,1452,educational applications
1443,1453,mobile ui design patterns
1444,1454,virtual ethnography
1445,1455,codesign
1446,1456,critical theory
1447,1457,biodiversity information systems
1448,1458,taxonomy
1449,1459,early morning routines
1450,1460,ethnographic design
1451,1461,everyday life studies
1452,1462,smart homes
1453,1463,affective states
1454,1464,facebook groups
1455,1465,online community
1456,1466,online social network
1457,1467,social rules for virtual communities
1458,1468,virtual community
1459,1469,guide systems
1460,1470,information sharing
1461,1471,users' perception
1462,1472,adaptable
1463,1473,adaptive
1464,1474,flexible
1465,1475,system
1466,1476,tool
1467,1477,ui
1468,1478,blockly
1469,1479,javascript
1470,1480,programming novices
1471,1481,textual programming language
1472,1482,visual programming language
1473,1483,knowledge transfer
1474,1484,activities of daily living
1475,1485,special education
1476,1486,3d visualization information
1477,1487,eye tracking
1478,1488,graphical user interface
1479,1489,head based interaction
1480,1490,natural user interface
1481,1491,medical emergency
1482,1492,cognitive impairment
1483,1493,autistic children
1484,1494,design space
1485,1495,narrative visualization
1486,1496,signifyi
1487,1497,uml models
1488,1498,use cases
1489,1499,artifacts
1490,1500,assessment of interactions
1491,1501,multimodal
1492,1502,touches
1493,1503,voice
1494,1504,wcag
1495,1505,elderly people
1496,1506,tablets
1497,1507,bodystorming
1498,1508,computer as a theater
1499,1509,theater of the oppressed
1500,1510,enactive systems
1501,1511,socio-enactive systems
1502,1512,tactile floor
1503,1513,tactile map
1504,1514,chatbot
1505,1515,conversational interfaces
1506,1516,concerns about privacy
1507,1517,face keeping
1508,1518,information boundary
1509,1519,privacy perceptions
1510,1520,persuasion
1511,1521,brazilian research
1512,1522,hci community
1513,1523,app store
1514,1524,google maps
1515,1525,waze
1516,1526,goms
1517,1527,web-based mathematical content
1518,1528,keystroke-level model
1519,1529,evolutionary design
1520,1530,in-the-wild
1521,1531,on-the-fly prototyping
1522,1532,prototyping methods
1523,1533,urban computing
1524,1534,urban intervention
1525,1535,urban probes
1526,1536,understanding user interfaces
1527,1537,user interface models
1528,1538,blogs
1529,1539,recommendation system
1530,1540,quality of experience
1531,1541,usability assessment
1532,1542,design thinking
1533,1543,methods
1534,1544,theory
1535,1545,digital interfaces
1536,1546,children's literature
1537,1547,electronic book
1538,1548,diversity of users
1539,1549,challenge 3
1540,1550,multiple devices
1541,1551,tangible
1542,1552,ubiquitous
1543,1553,grand research challenges
1544,1554,interdisciplinary
1545,1555,workforce
1546,1556,text analysis
1547,1557,auditory representations
1548,1558,preschool children
1549,1559,child-computer interaction
1550,1560,make-believe play
1551,1561,self-regulation
1552,1562,airbnb
1553,1563,sharing economy
1554,1564,trust
1555,1565,help
1556,1566,gamers' preferences
1557,1567,intelligent homes
1558,1568,ubiquitous environments
1559,1569,affect detection
1560,1570,affective computing in education
1561,1571,affective hci
1562,1572,blind person
1563,1573,espeak
1564,1574,raspberry pi
1565,1575,recognition facial
1566,1576,disabled people
1567,1577,acceptance
1568,1578,artificial intelligence
1569,1579,digital immortality
1570,1580,immortality
1571,1581,architecture-hci-sl
1572,1582,core-sl
1573,1583,signwriting
1574,1584,ar sandbox